"","Growth","Tree","Time","Age"
"1",1.28717945567205,"Pr1201","1896","1"
"2",1.50823479799643,"Pr1201","1897","2"
"3",1.28375329434242,"Pr1201","1898","3"
"4",1.23126572674474,"Pr1201","1899","4"
"5",1.33781598755578,"Pr1201","1900","5"
"6",1.05217850276467,"Pr1201","1901","6"
"7",1.32313017447249,"Pr1201","1902","7"
"8",1.29527301359336,"Pr1201","1903","8"
"9",1.29576323092836,"Pr1201","1904","9"
"10",1.31894527965494,"Pr1201","1905","10"
"11",1.7178749538119,"Pr1201","1906","11"
"12",1.57169081720534,"Pr1201","1907","12"
"13",1.33296838388168,"Pr1201","1908","13"
"14",2.24941242531731,"Pr1201","1909","14"
"15",1.63203178514787,"Pr1201","1910","15"
"16",1.77501519235873,"Pr1201","1911","16"
"17",2.11353867711761,"Pr1201","1912","17"
"18",1.53059868120357,"Pr1201","1913","18"
"19",1.83713618262703,"Pr1201","1914","19"
"20",1.51794980344862,"Pr1201","1915","20"
"21",1.59452947285871,"Pr1201","1916","21"
"22",1.4861432123493,"Pr1201","1917","22"
"23",1.71710480378516,"Pr1201","1918","23"
"24",2.44880751013812,"Pr1201","1919","24"
"25",1.79364507470175,"Pr1201","1920","25"
"26",1.62731674669227,"Pr1201","1921","26"
"27",1.89554813766085,"Pr1201","1922","27"
"28",1.98568395515196,"Pr1201","1923","28"
"29",1.91296147391414,"Pr1201","1924","29"
"30",1.98907816434135,"Pr1201","1925","30"
"31",2.21760459005773,"Pr1201","1926","31"
"32",1.68922129698794,"Pr1201","1927","32"
"33",1.84336403022729,"Pr1201","1928","33"
"34",2.06970311059692,"Pr1201","1929","34"
"35",2.09799310914711,"Pr1201","1930","35"
"36",1.85801922175653,"Pr1201","1931","36"
"37",1.70750348127245,"Pr1201","1932","37"
"38",1.92235271107857,"Pr1201","1933","38"
"39",1.47942287110929,"Pr1201","1934","39"
"40",1.82917647663844,"Pr1201","1935","40"
"41",1.93309286652446,"Pr1201","1936","41"
"42",1.57125418464546,"Pr1201","1937","42"
"43",1.3248410142832,"Pr1201","1938","43"
"44",1.39105786898884,"Pr1201","1939","44"
"45",1.75808317815116,"Pr1201","1940","45"
"46",1.39382344620192,"Pr1201","1941","46"
"47",2.02936920055961,"Pr1201","1942","47"
"48",1.62997143955798,"Pr1201","1943","48"
"49",1.70436967635378,"Pr1201","1944","49"
"50",2.14252630129648,"Pr1201","1945","50"
"51",1.71647704948358,"Pr1201","1946","51"
"52",1.58406690720136,"Pr1201","1947","52"
"53",1.19434231283261,"Pr1201","1948","53"
"54",1.55070338173261,"Pr1201","1949","54"
"55",1.30833455129639,"Pr1201","1950","55"
"56",1.65140496090036,"Pr1201","1951","56"
"57",1.26186472368362,"Pr1201","1952","57"
"58",1.14251047304006,"Pr1201","1953","58"
"59",1.24926404964458,"Pr1201","1954","59"
"60",1.04535207225319,"Pr1201","1955","60"
"61",0.951391882260021,"Pr1201","1956","61"
"62",1.04455104502662,"Pr1201","1957","62"
"63",1.40846070321106,"Pr1201","1958","63"
"64",2.01710932956894,"Pr1201","1959","64"
"65",1.54523897901031,"Pr1201","1960","65"
"66",1.63539988520512,"Pr1201","1961","66"
"67",1.33980099625964,"Pr1201","1962","67"
"68",1.62976437920108,"Pr1201","1963","68"
"69",1.69389074423753,"Pr1201","1964","69"
"70",1.65884461383315,"Pr1201","1965","70"
"71",1.67467139056021,"Pr1201","1966","71"
"72",1.40784185851062,"Pr1201","1967","72"
"73",1.04170409549656,"Pr1201","1968","73"
"74",1.16378691878985,"Pr1201","1969","74"
"75",0.958532825952445,"Pr1201","1970","75"
"76",1.24297965517118,"Pr1201","1971","76"
"77",0.923523589575807,"Pr1201","1972","77"
"78",1.09608291445189,"Pr1201","1973","78"
"79",1.10831030931556,"Pr1201","1974","79"
"80",1.08618877938644,"Pr1201","1975","80"
"81",0.814845563831558,"Pr1201","1976","81"
"82",0.780612813231752,"Pr1201","1977","82"
"83",0.787479793382304,"Pr1201","1978","83"
"84",0.983364016681317,"Pr1201","1979","84"
"85",1.16881850882764,"Pr1201","1980","85"
"86",1.11348356847708,"Pr1201","1981","86"
"87",1.25218557163197,"Pr1201","1982","87"
"88",1.18971996185445,"Pr1201","1983","88"
"89",0.830115388005759,"Pr1201","1984","89"
"90",0.875116136569986,"Pr1201","1985","90"
"91",0.858049406064405,"Pr1201","1986","91"
"92",0.946562005011059,"Pr1201","1987","92"
"93",0.974462093747054,"Pr1201","1988","93"
"94",0.78548453882977,"Pr1201","1989","94"
"95",0.892434845731165,"Pr1201","1990","95"
"96",0.731024504578,"Pr1201","1991","96"
"97",0.726167860179531,"Pr1201","1992","97"
"98",0.734555343812342,"Pr1201","1993","98"
"99",0.808326547096226,"Pr1201","1994","99"
"100",0.88701553255687,"Pr1201","1995","100"
"101",1.23788522238615,"Pr1201","1996","101"
"102",1.36746101327049,"Pr1201","1997","102"
"103",1.30135252552853,"Pr1201","1998","103"
"104",0.863318780738811,"Pr1201","1999","104"
"105",1.01490615137267,"Pr1201","2000","105"
"106",0.848719400409348,"Pr1201","2001","106"
"107",0.915942675177451,"Pr1201","2002","107"
"108",1.31695050798642,"Pr1201","2003","108"
"109",0.793168749383977,"Pr1201","2004","109"
"110",0.981930621426401,"Pr1201","2005","110"
"111",0.63576356512442,"Pr1201","2006","111"
"112",0.408853842705558,"Pr1201","2007","112"
"113",0.593748184249431,"Pr1201","2008","113"
"114",0.819032193353392,"Pr1201","2009","114"
"115",0.653360685713593,"Pr1201","2010","115"
"116",0.856612390568972,"Pr1201","2011","116"
"117",0.917800745347584,"Pr1202","1921","1"
"118",1.51051454887305,"Pr1202","1922","2"
"119",1.16463696709983,"Pr1202","1923","3"
"120",1.0921078656059,"Pr1202","1924","4"
"121",0.90290741696122,"Pr1202","1925","5"
"122",1.03388860945721,"Pr1202","1926","6"
"123",0.91303291180096,"Pr1202","1927","7"
"124",0.951036781985449,"Pr1202","1928","8"
"125",0.98016919421904,"Pr1202","1929","9"
"126",0.975561100637726,"Pr1202","1930","10"
"127",0.902468159238934,"Pr1202","1931","11"
"128",0.901971310655443,"Pr1202","1932","12"
"129",1.26062940573004,"Pr1202","1933","13"
"130",0.705648771789175,"Pr1202","1934","14"
"131",0.755530672764805,"Pr1202","1935","15"
"132",0.582438405867254,"Pr1202","1936","16"
"133",0.525394229519044,"Pr1202","1937","17"
"134",0.693583267951949,"Pr1202","1938","18"
"135",0.604093278983387,"Pr1202","1939","19"
"136",0.911248460857283,"Pr1202","1940","20"
"137",0.968114468907668,"Pr1202","1941","21"
"138",0.976081622481024,"Pr1202","1942","22"
"139",0.743757754660884,"Pr1202","1943","23"
"140",0.756837937994967,"Pr1202","1944","24"
"141",1.01985556154465,"Pr1202","1945","25"
"142",0.9906432149867,"Pr1202","1946","26"
"143",0.931760388399049,"Pr1202","1947","27"
"144",1.13770021434214,"Pr1202","1948","28"
"145",1.58517920974851,"Pr1202","1949","29"
"146",1.1623687359865,"Pr1202","1950","30"
"147",1.12337976902333,"Pr1202","1951","31"
"148",1.24308089594963,"Pr1202","1952","32"
"149",1.06037843811446,"Pr1202","1953","33"
"150",1.09123014582162,"Pr1202","1954","34"
"151",0.909739499173087,"Pr1202","1955","35"
"152",0.528666290868536,"Pr1202","1956","36"
"153",0.705313192638264,"Pr1202","1957","37"
"154",0.906501548262938,"Pr1202","1958","38"
"155",1.00638462918331,"Pr1202","1959","39"
"156",0.717378701963849,"Pr1202","1960","40"
"157",0.864513842305453,"Pr1202","1961","41"
"158",0.750451110131423,"Pr1202","1962","42"
"159",0.895090662656286,"Pr1202","1963","43"
"160",0.972587450388792,"Pr1202","1964","44"
"161",0.718778823005856,"Pr1202","1965","45"
"162",1.00780388907974,"Pr1202","1966","46"
"163",0.908197194927911,"Pr1202","1967","47"
"164",0.854409749323669,"Pr1202","1968","48"
"165",0.868381755711517,"Pr1202","1969","49"
"166",0.744139726866714,"Pr1202","1970","50"
"167",0.907678943561497,"Pr1202","1971","51"
"168",0.776544120806504,"Pr1202","1972","52"
"169",0.727483349819758,"Pr1202","1973","53"
"170",0.89065326249853,"Pr1202","1974","54"
"171",0.992983087398273,"Pr1202","1975","55"
"172",1.13476803409911,"Pr1202","1976","56"
"173",0.916267631086537,"Pr1202","1977","57"
"174",0.930055437965255,"Pr1202","1978","58"
"175",1.11466651374029,"Pr1202","1979","59"
"176",1.11939859440652,"Pr1202","1980","60"
"177",0.683805658898709,"Pr1202","1981","61"
"178",1.00326575323296,"Pr1202","1982","62"
"179",1.01331645452602,"Pr1202","1983","63"
"180",0.621409537956838,"Pr1202","1984","64"
"181",0.836197764602367,"Pr1202","1985","65"
"182",1.26222877882161,"Pr1202","1986","66"
"183",1.60684857229986,"Pr1202","1987","67"
"184",2.18459983003045,"Pr1202","1988","68"
"185",1.72314928247617,"Pr1202","1989","69"
"186",1.11424982130631,"Pr1202","1990","70"
"187",1.28090872028129,"Pr1202","1991","71"
"188",1.09008891592126,"Pr1202","1992","72"
"189",1.14566792157882,"Pr1202","1993","73"
"190",1.23957646406925,"Pr1202","1994","74"
"191",1.203441629224,"Pr1202","1995","75"
"192",0.979441072274683,"Pr1202","1996","76"
"193",1.12408863096278,"Pr1202","1997","77"
"194",1.14544042551156,"Pr1202","1998","78"
"195",0.792221579003266,"Pr1202","1999","79"
"196",1.16019535122958,"Pr1202","2000","80"
"197",1.09001344597391,"Pr1202","2001","81"
"198",1.03618955718947,"Pr1202","2002","82"
"199",1.26668859482986,"Pr1202","2003","83"
"200",0.930390138387763,"Pr1202","2004","84"
"201",1.17497726674134,"Pr1202","2005","85"
"202",1.50909764240669,"Pr1202","2006","86"
"203",1.15767371209856,"Pr1202","2007","87"
"204",0.866475021551439,"Pr1202","2008","88"
"205",0.772675545692786,"Pr1202","2009","89"
"206",0.750878483785177,"Pr1202","2010","90"
"207",1.06766440949994,"Pr1202","2011","91"
"208",1.29367719572477,"Pr1203","1894","1"
"209",1.29663602103906,"Pr1203","1895","2"
"210",1.26973710141071,"Pr1203","1896","3"
"211",1.24670723976256,"Pr1203","1897","4"
"212",0.894609425496595,"Pr1203","1898","5"
"213",0.955946931510724,"Pr1203","1899","6"
"214",0.990192004545184,"Pr1203","1900","7"
"215",1.10483783340109,"Pr1203","1901","8"
"216",1.17138520393087,"Pr1203","1902","9"
"217",1.07396851913141,"Pr1203","1903","10"
"218",1.07743564882574,"Pr1203","1904","11"
"219",1.05345375631827,"Pr1203","1905","12"
"220",1.14388281144686,"Pr1203","1906","13"
"221",0.962983314145018,"Pr1203","1907","14"
"222",0.965104587306585,"Pr1203","1908","15"
"223",1.10751299145626,"Pr1203","1909","16"
"224",0.9505151208532,"Pr1203","1910","17"
"225",0.862489257980538,"Pr1203","1911","18"
"226",0.998076330164872,"Pr1203","1912","19"
"227",0.784246118813644,"Pr1203","1913","20"
"228",0.773770127626177,"Pr1203","1914","21"
"229",0.859380690338576,"Pr1203","1915","22"
"230",1.00915516209501,"Pr1203","1916","23"
"231",0.928674711295356,"Pr1203","1917","24"
"232",0.793945896123453,"Pr1203","1918","25"
"233",0.996024049028764,"Pr1203","1919","26"
"234",1.07055901075505,"Pr1203","1920","27"
"235",0.935617049926208,"Pr1203","1921","28"
"236",0.794039127893105,"Pr1203","1922","29"
"237",1.02554109891588,"Pr1203","1923","30"
"238",1.05316422612763,"Pr1203","1924","31"
"239",1.19919541290772,"Pr1203","1925","32"
"240",1.21787658163745,"Pr1203","1926","33"
"241",0.983560784854667,"Pr1203","1927","34"
"242",0.900365313304301,"Pr1203","1928","35"
"243",0.961483505902617,"Pr1203","1929","36"
"244",1.28948929933478,"Pr1203","1930","37"
"245",1.07279278353928,"Pr1203","1931","38"
"246",1.25013665316192,"Pr1203","1932","39"
"247",1.40751602558783,"Pr1203","1933","40"
"248",1.31528505206224,"Pr1203","1934","41"
"249",1.12703626593251,"Pr1203","1935","42"
"250",1.12774677239752,"Pr1203","1936","43"
"251",1.25110471398801,"Pr1203","1937","44"
"252",1.03274699256225,"Pr1203","1938","45"
"253",1.3818522624551,"Pr1203","1939","46"
"254",1.30768423371488,"Pr1203","1940","47"
"255",1.23158388685183,"Pr1203","1941","48"
"256",1.27462282145072,"Pr1203","1942","49"
"257",1.25242327174862,"Pr1203","1943","50"
"258",1.15176163085391,"Pr1203","1944","51"
"259",1.41643629175673,"Pr1203","1945","52"
"260",1.36227703245153,"Pr1203","1946","53"
"261",1.11255742677889,"Pr1203","1947","54"
"262",1.05614198963184,"Pr1203","1948","55"
"263",0.93447984254948,"Pr1203","1949","56"
"264",1.20229662447694,"Pr1203","1950","57"
"265",1.11229850485745,"Pr1203","1951","58"
"266",1.05583707580558,"Pr1203","1952","59"
"267",1.0775625558679,"Pr1203","1953","60"
"268",1.10437349820465,"Pr1203","1954","61"
"269",1.10670724720613,"Pr1203","1955","62"
"270",0.970045885106831,"Pr1203","1956","63"
"271",1.03172775651338,"Pr1203","1957","64"
"272",1.00882555355886,"Pr1203","1958","65"
"273",1.28447711560656,"Pr1203","1959","66"
"274",1.21008220071555,"Pr1203","1960","67"
"275",1.12360939713199,"Pr1203","1961","68"
"276",0.948681398158438,"Pr1203","1962","69"
"277",0.874034487278199,"Pr1203","1963","70"
"278",0.833594060291169,"Pr1203","1964","71"
"279",1.10047597384964,"Pr1203","1965","72"
"280",1.29093232218897,"Pr1203","1966","73"
"281",1.11590470460242,"Pr1203","1967","74"
"282",1.23869043333108,"Pr1203","1968","75"
"283",1.30796639049448,"Pr1203","1969","76"
"284",1.3292361506396,"Pr1203","1970","77"
"285",1.201192893536,"Pr1203","1971","78"
"286",1.23563356787554,"Pr1203","1972","79"
"287",1.26412006436299,"Pr1203","1973","80"
"288",1.36978910857016,"Pr1203","1974","81"
"289",0.999924641168827,"Pr1203","1975","82"
"290",1.2851181635597,"Pr1203","1976","83"
"291",1.37737605251744,"Pr1203","1977","84"
"292",1.23066455369784,"Pr1203","1978","85"
"293",1.80468287591686,"Pr1203","1979","86"
"294",1.51484316677018,"Pr1203","1980","87"
"295",1.31913452353236,"Pr1203","1981","88"
"296",1.65680056229921,"Pr1203","1982","89"
"297",1.40721231168603,"Pr1203","1983","90"
"298",1.20258220514675,"Pr1203","1984","91"
"299",1.1053209784623,"Pr1203","1985","92"
"300",1.1262201068523,"Pr1203","1986","93"
"301",1.08242126166364,"Pr1203","1987","94"
"302",0.940715330667932,"Pr1203","1988","95"
"303",1.07033248787963,"Pr1203","1989","96"
"304",1.00407767249694,"Pr1203","1990","97"
"305",0.952632981363063,"Pr1203","1991","98"
"306",1.0049778133444,"Pr1203","1992","99"
"307",1.07491188231164,"Pr1203","1993","100"
"308",0.96175465428225,"Pr1203","1994","101"
"309",0.83026123040799,"Pr1203","1995","102"
"310",0.422998825498066,"Pr1203","1996","103"
"311",0.726143798427647,"Pr1203","1997","104"
"312",0.67404607963598,"Pr1203","1998","105"
"313",1.11840148965855,"Pr1203","1999","106"
"314",1.09924434454502,"Pr1203","2000","107"
"315",0.93074865648397,"Pr1203","2001","108"
"316",0.918200462483358,"Pr1203","2002","109"
"317",1.09450499594412,"Pr1203","2003","110"
"318",1.04945545106609,"Pr1203","2004","111"
"319",0.959128915371954,"Pr1203","2005","112"
"320",0.838278819588151,"Pr1203","2006","113"
"321",1.27067996944938,"Pr1203","2007","114"
"322",1.24307735604756,"Pr1203","2008","115"
"323",1.17607890851499,"Pr1203","2009","116"
"324",1.18256381076131,"Pr1203","2010","117"
"325",1.26893495995896,"Pr1203","2011","118"
"326",1.09624831974168,"Pr1204","1870","1"
"327",1.01642772490057,"Pr1204","1871","2"
"328",1.18943754746758,"Pr1204","1872","3"
"329",1.1094925552272,"Pr1204","1873","4"
"330",1.09606125918287,"Pr1204","1874","5"
"331",1.34066026782276,"Pr1204","1875","6"
"332",0.916914906109726,"Pr1204","1876","7"
"333",0.956492573819005,"Pr1204","1877","8"
"334",0.950110072290211,"Pr1204","1878","9"
"335",1.08702417229937,"Pr1204","1879","10"
"336",0.913552565489143,"Pr1204","1880","11"
"337",0.973333409706463,"Pr1204","1881","12"
"338",1.08281445296016,"Pr1204","1882","13"
"339",1.38562946298533,"Pr1204","1883","14"
"340",1.52114249263058,"Pr1204","1884","15"
"341",1.50344931223087,"Pr1204","1885","16"
"342",1.2822450890849,"Pr1204","1886","17"
"343",1.2153257884256,"Pr1204","1887","18"
"344",1.19951703476688,"Pr1204","1888","19"
"345",1.15555251470835,"Pr1204","1889","20"
"346",1.10330253810737,"Pr1204","1890","21"
"347",1.23377961717809,"Pr1204","1891","22"
"348",1.36986138334236,"Pr1204","1892","23"
"349",1.18465379836297,"Pr1204","1893","24"
"350",1.02264757967863,"Pr1204","1894","25"
"351",0.938607361973499,"Pr1204","1895","26"
"352",0.956774057231601,"Pr1204","1896","27"
"353",1.04129079332839,"Pr1204","1897","28"
"354",1.03986118373137,"Pr1204","1898","29"
"355",1.1514962476464,"Pr1204","1899","30"
"356",1.24235578974757,"Pr1204","1900","31"
"357",1.16924022865556,"Pr1204","1901","32"
"358",0.999427369620875,"Pr1204","1902","33"
"359",1.21284899314081,"Pr1204","1903","34"
"360",1.20687917396044,"Pr1204","1904","35"
"361",1.31148817009872,"Pr1204","1905","36"
"362",1.13959148217254,"Pr1204","1906","37"
"363",1.22252299849406,"Pr1204","1907","38"
"364",1.13873211405121,"Pr1204","1908","39"
"365",0.888659486961721,"Pr1204","1909","40"
"366",1.22184858559554,"Pr1204","1910","41"
"367",1.30317601531599,"Pr1204","1911","42"
"368",1.56507784710378,"Pr1204","1912","43"
"369",1.21932452909271,"Pr1204","1913","44"
"370",1.19586727561531,"Pr1204","1914","45"
"371",1.07844646454187,"Pr1204","1915","46"
"372",1.04162341278065,"Pr1204","1916","47"
"373",1.02340883469613,"Pr1204","1917","48"
"374",0.995123353005793,"Pr1204","1918","49"
"375",0.912451645681941,"Pr1204","1919","50"
"376",0.877018536647627,"Pr1204","1920","51"
"377",0.951104506139309,"Pr1204","1921","52"
"378",1.02683731038747,"Pr1204","1922","53"
"379",0.643132610007532,"Pr1204","1923","54"
"380",0.648157952472913,"Pr1204","1924","55"
"381",0.783518728072904,"Pr1204","1925","56"
"382",0.949967578119973,"Pr1204","1926","57"
"383",0.937045400002007,"Pr1204","1927","58"
"384",1.12766851159831,"Pr1204","1928","59"
"385",1.41734440387231,"Pr1204","1929","60"
"386",1.1432310005778,"Pr1204","1930","61"
"387",1.30694519358759,"Pr1204","1931","62"
"388",1.16600986694263,"Pr1204","1932","63"
"389",0.886957206980309,"Pr1204","1933","64"
"390",1.02668817906818,"Pr1204","1934","65"
"391",0.883721978358848,"Pr1204","1935","66"
"392",0.871139087863805,"Pr1204","1936","67"
"393",1.19147565100594,"Pr1204","1937","68"
"394",1.13552140240682,"Pr1204","1938","69"
"395",1.11009585781782,"Pr1204","1939","70"
"396",1.1113408678767,"Pr1204","1940","71"
"397",1.02490954159733,"Pr1204","1941","72"
"398",1.1230995664668,"Pr1204","1942","73"
"399",1.01111245020311,"Pr1204","1943","74"
"400",1.13845135957301,"Pr1204","1944","75"
"401",0.631228970015329,"Pr1204","1945","76"
"402",0.860809193301894,"Pr1204","1946","77"
"403",1.05932839330802,"Pr1204","1947","78"
"404",1.15972919880552,"Pr1204","1948","79"
"405",0.934730748864714,"Pr1204","1949","80"
"406",1.24184144355879,"Pr1204","1950","81"
"407",1.26275804180701,"Pr1204","1951","82"
"408",1.49475865627252,"Pr1204","1952","83"
"409",1.56728113189199,"Pr1204","1953","84"
"410",1.71089116906515,"Pr1204","1954","85"
"411",1.66115148070624,"Pr1204","1955","86"
"412",1.30691083743478,"Pr1204","1956","87"
"413",1.29244412254009,"Pr1204","1957","88"
"414",1.07961375615207,"Pr1204","1958","89"
"415",1.24701078807884,"Pr1204","1959","90"
"416",1.42660654054487,"Pr1204","1960","91"
"417",1.16901114984804,"Pr1204","1961","92"
"418",1.19897110374971,"Pr1204","1962","93"
"419",1.26833152364238,"Pr1204","1963","94"
"420",1.15517953814671,"Pr1204","1964","95"
"421",1.33487009616233,"Pr1204","1965","96"
"422",1.38815341839144,"Pr1204","1966","97"
"423",1.58777617294211,"Pr1204","1967","98"
"424",1.27469570396473,"Pr1204","1968","99"
"425",1.02343317735058,"Pr1204","1969","100"
"426",1.1777333957408,"Pr1204","1970","101"
"427",1.11243729323107,"Pr1204","1971","102"
"428",1.81551948871905,"Pr1204","1972","103"
"429",1.81379707977896,"Pr1204","1973","104"
"430",1.60474180987129,"Pr1204","1974","105"
"431",1.13029131222699,"Pr1204","1975","106"
"432",0.943064455681748,"Pr1204","1976","107"
"433",0.805360114743816,"Pr1204","1977","108"
"434",0.932013368460142,"Pr1204","1978","109"
"435",1.02507974712968,"Pr1204","1979","110"
"436",0.895573447546201,"Pr1204","1980","111"
"437",1.05578981175466,"Pr1204","1981","112"
"438",1.18213014263312,"Pr1204","1982","113"
"439",1.24073526305715,"Pr1204","1983","114"
"440",1.2896228597674,"Pr1204","1984","115"
"441",0.990084160588449,"Pr1204","1985","116"
"442",1.06172494169351,"Pr1204","1986","117"
"443",0.721809252694663,"Pr1204","1987","118"
"444",0.537858194093059,"Pr1204","1988","119"
"445",1.1688789794161,"Pr1204","1989","120"
"446",1.2393163341883,"Pr1204","1990","121"
"447",1.10715560898844,"Pr1204","1991","122"
"448",1.3754338605775,"Pr1204","1992","123"
"449",1.46028773822784,"Pr1204","1993","124"
"450",1.22421299120038,"Pr1204","1994","125"
"451",0.919474343687658,"Pr1204","1995","126"
"452",1.81739904466025,"Pr1204","1996","127"
"453",1.38453796107018,"Pr1204","1997","128"
"454",0.337108443408472,"Pr1204","1998","129"
"455",3.86384232207414,"Pr1204","1999","130"
"456",2.20925444250984,"Pr1204","2000","131"
"457",2.48725332310148,"Pr1204","2001","132"
"458",3.15049936432159,"Pr1204","2002","133"
"459",1.59508415209402,"Pr1204","2003","134"
"460",0.923563341704577,"Pr1204","2004","135"
"461",0.678440288603275,"Pr1204","2005","136"
"462",1.1192613852825,"Pr1204","2006","137"
"463",1.50429892084571,"Pr1204","2007","138"
"464",0.726433615581908,"Pr1204","2008","139"
"465",0.754987657758267,"Pr1204","2009","140"
"466",0.760873352828568,"Pr1204","2010","141"
"467",0.982565392706008,"Pr1204","2011","142"
"468",1.40353737372065,"Pr1205","1890","1"
"469",0.406173283017654,"Pr1205","1891","2"
"470",0.526087280853724,"Pr1205","1892","3"
"471",0.946331729727076,"Pr1205","1893","4"
"472",0.99775559763662,"Pr1205","1894","5"
"473",0.952149825072239,"Pr1205","1895","6"
"474",0.856422413840595,"Pr1205","1896","7"
"475",0.683010540241472,"Pr1205","1897","8"
"476",0.734060626142876,"Pr1205","1898","9"
"477",0.803601360525646,"Pr1205","1899","10"
"478",0.923916073044329,"Pr1205","1900","11"
"479",0.893888367545066,"Pr1205","1901","12"
"480",1.0722041352689,"Pr1205","1902","13"
"481",0.893662805671173,"Pr1205","1903","14"
"482",1.00939077188225,"Pr1205","1904","15"
"483",0.915846297097517,"Pr1205","1905","16"
"484",1.08605536881242,"Pr1205","1906","17"
"485",1.01930184178608,"Pr1205","1907","18"
"486",0.99756839712202,"Pr1205","1908","19"
"487",1.01893651363692,"Pr1205","1909","20"
"488",0.979159635750395,"Pr1205","1910","21"
"489",0.92680455979604,"Pr1205","1911","22"
"490",0.775507247602821,"Pr1205","1912","23"
"491",0.817781211713126,"Pr1205","1913","24"
"492",0.698915427715614,"Pr1205","1914","25"
"493",0.91268507599188,"Pr1205","1915","26"
"494",0.866264052084363,"Pr1205","1916","27"
"495",0.831070725695793,"Pr1205","1917","28"
"496",0.857393762804458,"Pr1205","1918","29"
"497",0.737735690121515,"Pr1205","1919","30"
"498",0.845171575906519,"Pr1205","1920","31"
"499",0.904295101076008,"Pr1205","1921","32"
"500",0.830314002324176,"Pr1205","1922","33"
"501",0.992793177856813,"Pr1205","1923","34"
"502",0.843215504024128,"Pr1205","1924","35"
"503",0.717388586191092,"Pr1205","1925","36"
"504",0.788113370904269,"Pr1205","1926","37"
"505",0.612918268709558,"Pr1205","1927","38"
"506",0.648176480139108,"Pr1205","1928","39"
"507",0.60645721998404,"Pr1205","1929","40"
"508",0.540937557603555,"Pr1205","1930","41"
"509",0.62040747692156,"Pr1205","1931","42"
"510",0.463542271001707,"Pr1205","1932","43"
"511",0.464421065522428,"Pr1205","1933","44"
"512",0.566151041989673,"Pr1205","1934","45"
"513",0.584366521065317,"Pr1205","1935","46"
"514",0.553342830246982,"Pr1205","1936","47"
"515",0.612180376851115,"Pr1205","1937","48"
"516",0.600288179358051,"Pr1205","1938","49"
"517",0.625652209483212,"Pr1205","1939","50"
"518",0.705713474326451,"Pr1205","1940","51"
"519",0.680260775462423,"Pr1205","1941","52"
"520",0.783756314690624,"Pr1205","1942","53"
"521",0.853448358357056,"Pr1205","1943","54"
"522",0.900041183085778,"Pr1205","1944","55"
"523",0.924078501930071,"Pr1205","1945","56"
"524",1.06136554165008,"Pr1205","1946","57"
"525",1.23920693043833,"Pr1205","1947","58"
"526",1.54960291818607,"Pr1205","1948","59"
"527",1.04913859737208,"Pr1205","1949","60"
"528",1.08889733781128,"Pr1205","1950","61"
"529",1.17294134195798,"Pr1205","1951","62"
"530",1.45389604258561,"Pr1205","1952","63"
"531",1.09655857338176,"Pr1205","1953","64"
"532",1.08017317758109,"Pr1205","1954","65"
"533",1.29886436770448,"Pr1205","1955","66"
"534",0.980519084472643,"Pr1205","1956","67"
"535",0.747616740662612,"Pr1205","1957","68"
"536",0.816660366016199,"Pr1205","1958","69"
"537",0.954558531748814,"Pr1205","1959","70"
"538",0.857625444503263,"Pr1205","1960","71"
"539",0.665036734751952,"Pr1205","1961","72"
"540",0.719181984698966,"Pr1205","1962","73"
"541",0.74453498409551,"Pr1205","1963","74"
"542",0.712486516097243,"Pr1205","1964","75"
"543",0.711062838023379,"Pr1205","1965","76"
"544",0.75377365854985,"Pr1205","1966","77"
"545",0.615569906293097,"Pr1205","1967","78"
"546",0.601844357770528,"Pr1205","1968","79"
"547",0.687705204219955,"Pr1205","1969","80"
"548",0.690528055067522,"Pr1205","1970","81"
"549",0.803582763521195,"Pr1205","1971","82"
"550",0.631387365396663,"Pr1205","1972","83"
"551",0.662674562334792,"Pr1205","1973","84"
"552",0.725111435143074,"Pr1205","1974","85"
"553",0.665657441802749,"Pr1205","1975","86"
"554",0.757235171801482,"Pr1205","1976","87"
"555",0.92862584497644,"Pr1205","1977","88"
"556",1.0926904601206,"Pr1205","1978","89"
"557",0.880499471545217,"Pr1205","1979","90"
"558",0.735768638060228,"Pr1205","1980","91"
"559",0.94837720444653,"Pr1205","1981","92"
"560",0.69117599674891,"Pr1205","1982","93"
"561",0.798525322994611,"Pr1205","1983","94"
"562",1.04572356541445,"Pr1205","1984","95"
"563",0.881108498376777,"Pr1205","1985","96"
"564",0.933375987691998,"Pr1205","1986","97"
"565",0.642214387917013,"Pr1205","1987","98"
"566",0.674473976331719,"Pr1205","1988","99"
"567",0.699463542628598,"Pr1205","1989","100"
"568",1.12679245056144,"Pr1205","1990","101"
"569",0.843127824804306,"Pr1205","1991","102"
"570",0.706468057761627,"Pr1205","1992","103"
"571",0.765792798243365,"Pr1205","1993","104"
"572",0.669505025085137,"Pr1205","1994","105"
"573",1.30798715938835,"Pr1205","1995","106"
"574",1.05707436122624,"Pr1205","1996","107"
"575",0.93724381781282,"Pr1205","1997","108"
"576",0.886674791120722,"Pr1205","1998","109"
"577",0.689771407341924,"Pr1205","1999","110"
"578",1.43499329434782,"Pr1205","2000","111"
"579",1.28177698943032,"Pr1205","2001","112"
"580",1.25901799131214,"Pr1205","2002","113"
"581",1.07363906100412,"Pr1205","2003","114"
"582",1.72840365392659,"Pr1205","2004","115"
"583",1.52870097137278,"Pr1205","2005","116"
"584",1.286008855317,"Pr1205","2006","117"
"585",1.27989293662601,"Pr1205","2007","118"
"586",1.72453097597739,"Pr1205","2008","119"
"587",0.864450495734747,"Pr1205","2009","120"
"588",1.93671864246644,"Pr1205","2010","121"
"589",2.2962440758491,"Pr1205","2011","122"
"590",0.62828000500022,"Pr1206","1883","1"
"591",0.615673384393177,"Pr1206","1884","2"
"592",0.577387604009922,"Pr1206","1885","3"
"593",0.636557103681829,"Pr1206","1886","4"
"594",0.849450457975912,"Pr1206","1887","5"
"595",0.807149759232673,"Pr1206","1888","6"
"596",0.857878523815345,"Pr1206","1889","7"
"597",0.863376571856559,"Pr1206","1890","8"
"598",1.05396803466504,"Pr1206","1891","9"
"599",0.837257647735434,"Pr1206","1892","10"
"600",0.648247744914942,"Pr1206","1893","11"
"601",0.633709537605921,"Pr1206","1894","12"
"602",0.744374351042575,"Pr1206","1895","13"
"603",0.717287357968345,"Pr1206","1896","14"
"604",0.802607390805439,"Pr1206","1897","15"
"605",0.924769536846732,"Pr1206","1898","16"
"606",0.673207785146839,"Pr1206","1899","17"
"607",0.737042161673168,"Pr1206","1900","18"
"608",0.683749465833757,"Pr1206","1901","19"
"609",0.700443744166445,"Pr1206","1902","20"
"610",0.764232329172426,"Pr1206","1903","21"
"611",0.747538748829384,"Pr1206","1904","22"
"612",0.718645660091066,"Pr1206","1905","23"
"613",0.808396230098992,"Pr1206","1906","24"
"614",0.714758489350786,"Pr1206","1907","25"
"615",0.591009946232489,"Pr1206","1908","26"
"616",0.634610108861979,"Pr1206","1909","27"
"617",0.616401335159535,"Pr1206","1910","28"
"618",0.614160643894311,"Pr1206","1911","29"
"619",0.677814569360711,"Pr1206","1912","30"
"620",0.819271586893528,"Pr1206","1913","31"
"621",0.680990903275963,"Pr1206","1914","32"
"622",0.658875726920239,"Pr1206","1915","33"
"623",0.542384028603015,"Pr1206","1916","34"
"624",0.649409199441637,"Pr1206","1917","35"
"625",0.828313649126649,"Pr1206","1918","36"
"626",0.793241561875416,"Pr1206","1919","37"
"627",0.889508780457232,"Pr1206","1920","38"
"628",0.928935556744906,"Pr1206","1921","39"
"629",0.750151072083622,"Pr1206","1922","40"
"630",0.937203380769891,"Pr1206","1923","41"
"631",1.08714267720164,"Pr1206","1924","42"
"632",0.954774221639552,"Pr1206","1925","43"
"633",1.27618096785096,"Pr1206","1926","44"
"634",1.27015172183657,"Pr1206","1927","45"
"635",1.00041091341546,"Pr1206","1928","46"
"636",0.900136613618188,"Pr1206","1929","47"
"637",0.940688412645332,"Pr1206","1930","48"
"638",1.16676310682636,"Pr1206","1931","49"
"639",1.44757781547761,"Pr1206","1932","50"
"640",1.74408672179909,"Pr1206","1933","51"
"641",1.88453606191052,"Pr1206","1934","52"
"642",1.76371907627406,"Pr1206","1935","53"
"643",1.48289073532773,"Pr1206","1936","54"
"644",1.46195513663903,"Pr1206","1937","55"
"645",1.47771126055415,"Pr1206","1938","56"
"646",1.35582080907553,"Pr1206","1939","57"
"647",1.02188931546435,"Pr1206","1940","58"
"648",1.16003630779997,"Pr1206","1941","59"
"649",1.1977145499814,"Pr1206","1942","60"
"650",1.18729829813891,"Pr1206","1943","61"
"651",0.542972026231689,"Pr1206","1944","62"
"652",0.379251583607895,"Pr1206","1945","63"
"653",0.666748049826664,"Pr1206","1946","64"
"654",0.716657575121181,"Pr1206","1947","65"
"655",0.534769334032219,"Pr1206","1948","66"
"656",0.549820021138394,"Pr1206","1949","67"
"657",0.459685404297629,"Pr1206","1950","68"
"658",0.788719471159935,"Pr1206","1951","69"
"659",0.723258878045664,"Pr1206","1952","70"
"660",0.733955090580007,"Pr1206","1953","71"
"661",1.07746398538788,"Pr1206","1954","72"
"662",1.05308084196371,"Pr1206","1955","73"
"663",1.20196391726398,"Pr1206","1956","74"
"664",1.33145738492902,"Pr1206","1957","75"
"665",1.32015835089396,"Pr1206","1958","76"
"666",1.37082526620202,"Pr1206","1959","77"
"667",1.6847021888292,"Pr1206","1960","78"
"668",2.06716994781468,"Pr1206","1961","79"
"669",1.59442580897534,"Pr1206","1962","80"
"670",1.53895253977635,"Pr1206","1963","81"
"671",1.59526947117631,"Pr1206","1964","82"
"672",1.08767948703647,"Pr1206","1965","83"
"673",1.09274088810437,"Pr1206","1966","84"
"674",1.21113077143783,"Pr1206","1967","85"
"675",1.5934192746614,"Pr1206","1968","86"
"676",1.27502854287606,"Pr1206","1969","87"
"677",1.39228905192835,"Pr1206","1970","88"
"678",1.04339780497747,"Pr1206","1971","89"
"679",1.29614233230238,"Pr1206","1972","90"
"680",1.07278430705787,"Pr1206","1973","91"
"681",1.60276228802662,"Pr1206","1974","92"
"682",1.78967697241659,"Pr1206","1975","93"
"683",1.39706701946139,"Pr1206","1976","94"
"684",1.50351474292796,"Pr1206","1977","95"
"685",1.29491098442941,"Pr1206","1978","96"
"686",1.56006854538842,"Pr1206","1979","97"
"687",1.41749661906341,"Pr1206","1980","98"
"688",1.18433973942628,"Pr1206","1981","99"
"689",1.21794192103676,"Pr1206","1982","100"
"690",1.14202339757015,"Pr1206","1983","101"
"691",1.203657687241,"Pr1206","1984","102"
"692",1.62053644889293,"Pr1206","1985","103"
"693",1.62749306443925,"Pr1206","1986","104"
"694",1.961061020771,"Pr1206","1987","105"
"695",1.84629861527955,"Pr1206","1988","106"
"696",1.46731363533789,"Pr1206","1989","107"
"697",1.17697808242489,"Pr1206","1990","108"
"698",1.37318628456283,"Pr1206","1991","109"
"699",1.49449417020878,"Pr1206","1992","110"
"700",1.44270011041153,"Pr1206","1993","111"
"701",1.50754935461631,"Pr1206","1994","112"
"702",1.7710645464023,"Pr1206","1995","113"
"703",1.17733864862807,"Pr1206","1996","114"
"704",1.52049310760036,"Pr1206","1997","115"
"705",0.757214582949208,"Pr1206","1998","116"
"706",0.817983619107097,"Pr1206","1999","117"
"707",0.829449667750326,"Pr1206","2000","118"
"708",0.630478317297191,"Pr1206","2001","119"
"709",1.08868488489692,"Pr1206","2002","120"
"710",0.770390195892626,"Pr1206","2003","121"
"711",1.24609676318861,"Pr1206","2004","122"
"712",1.18203801825191,"Pr1206","2005","123"
"713",1.43454452879727,"Pr1206","2006","124"
"714",1.35460817357353,"Pr1206","2007","125"
"715",1.92065423086212,"Pr1206","2008","126"
"716",1.26429921202448,"Pr1206","2009","127"
"717",2.4720247948465,"Pr1206","2010","128"
"718",2.45159928886025,"Pr1206","2011","129"
"719",0.991862091714503,"Pr1207","1869","1"
"720",0.897503105383246,"Pr1207","1870","2"
"721",0.968180627633646,"Pr1207","1871","3"
"722",0.827550741062615,"Pr1207","1872","4"
"723",0.887351138166729,"Pr1207","1873","5"
"724",0.77851025403487,"Pr1207","1874","6"
"725",0.724454335965782,"Pr1207","1875","7"
"726",0.855132591854559,"Pr1207","1876","8"
"727",0.858701045401392,"Pr1207","1877","9"
"728",0.857351558717871,"Pr1207","1878","10"
"729",0.773547151505292,"Pr1207","1879","11"
"730",0.831171307003987,"Pr1207","1880","12"
"731",0.490584313612113,"Pr1207","1881","13"
"732",0.782590018581368,"Pr1207","1882","14"
"733",0.837945258378843,"Pr1207","1883","15"
"734",0.850412137341677,"Pr1207","1884","16"
"735",0.861779794538125,"Pr1207","1885","17"
"736",0.869918054969533,"Pr1207","1886","18"
"737",0.865085376491778,"Pr1207","1887","19"
"738",1.01629526434655,"Pr1207","1888","20"
"739",1.0663654939143,"Pr1207","1889","21"
"740",1.02478160892844,"Pr1207","1890","22"
"741",1.15917844207153,"Pr1207","1891","23"
"742",1.13275002601437,"Pr1207","1892","24"
"743",1.10497271300983,"Pr1207","1893","25"
"744",1.27057824263991,"Pr1207","1894","26"
"745",1.26539285771902,"Pr1207","1895","27"
"746",1.1142038500036,"Pr1207","1896","28"
"747",1.20830185685848,"Pr1207","1897","29"
"748",1.16233167924153,"Pr1207","1898","30"
"749",0.966431330407833,"Pr1207","1899","31"
"750",1.31661287441217,"Pr1207","1900","32"
"751",1.42438333838458,"Pr1207","1901","33"
"752",1.23423955184581,"Pr1207","1902","34"
"753",1.27768195234734,"Pr1207","1903","35"
"754",1.62025262951219,"Pr1207","1904","36"
"755",1.60339314838959,"Pr1207","1905","37"
"756",1.26380398073588,"Pr1207","1906","38"
"757",1.12342733995175,"Pr1207","1907","39"
"758",1.34972037533826,"Pr1207","1908","40"
"759",1.18442354327775,"Pr1207","1909","41"
"760",1.16464080835854,"Pr1207","1910","42"
"761",1.44313707736647,"Pr1207","1911","43"
"762",1.00274627118989,"Pr1207","1912","44"
"763",0.970842138107648,"Pr1207","1913","45"
"764",1.42910837029882,"Pr1207","1914","46"
"765",1.5383660304224,"Pr1207","1915","47"
"766",1.51154972353722,"Pr1207","1916","48"
"767",1.33616521346078,"Pr1207","1917","49"
"768",1.24199581755019,"Pr1207","1918","50"
"769",1.20708679761569,"Pr1207","1919","51"
"770",1.43612082096921,"Pr1207","1920","52"
"771",1.49447744180567,"Pr1207","1921","53"
"772",1.38282076400677,"Pr1207","1922","54"
"773",1.39083518115099,"Pr1207","1923","55"
"774",1.29096626724885,"Pr1207","1924","56"
"775",1.46927792433998,"Pr1207","1925","57"
"776",1.40109861383431,"Pr1207","1926","58"
"777",1.44814903682075,"Pr1207","1927","59"
"778",1.58884805274667,"Pr1207","1928","60"
"779",1.42131213824456,"Pr1207","1929","61"
"780",1.53495932735398,"Pr1207","1930","62"
"781",1.65173253363625,"Pr1207","1931","63"
"782",1.82529559963453,"Pr1207","1932","64"
"783",1.45146140828555,"Pr1207","1933","65"
"784",1.13852765964885,"Pr1207","1934","66"
"785",1.21612181849033,"Pr1207","1935","67"
"786",1.38958895562273,"Pr1207","1936","68"
"787",1.38286576819292,"Pr1207","1937","69"
"788",1.52021828078195,"Pr1207","1938","70"
"789",1.27164577041789,"Pr1207","1939","71"
"790",1.3016872335914,"Pr1207","1940","72"
"791",1.46261474180773,"Pr1207","1941","73"
"792",1.07172402352578,"Pr1207","1942","74"
"793",1.2771619987082,"Pr1207","1943","75"
"794",1.52194295610893,"Pr1207","1944","76"
"795",2.05858540495791,"Pr1207","1945","77"
"796",1.87639184938767,"Pr1207","1946","78"
"797",1.59342961084225,"Pr1207","1947","79"
"798",1.15602138903508,"Pr1207","1948","80"
"799",1.4183720847571,"Pr1207","1949","81"
"800",1.41953895954823,"Pr1207","1950","82"
"801",1.31002669650786,"Pr1207","1951","83"
"802",1.07093501814185,"Pr1207","1952","84"
"803",1.0758097997911,"Pr1207","1953","85"
"804",0.928304706899691,"Pr1207","1954","86"
"805",1.07394561153586,"Pr1207","1955","87"
"806",1.4258564076147,"Pr1207","1956","88"
"807",1.49883880939742,"Pr1207","1957","89"
"808",1.39711202277,"Pr1207","1958","90"
"809",1.2985995100726,"Pr1207","1959","91"
"810",1.19448019946409,"Pr1207","1960","92"
"811",1.40081374612151,"Pr1207","1961","93"
"812",1.44555225932043,"Pr1207","1962","94"
"813",1.18800097748467,"Pr1207","1963","95"
"814",1.0676314957586,"Pr1207","1964","96"
"815",1.09412908392038,"Pr1207","1965","97"
"816",1.19187781536064,"Pr1207","1966","98"
"817",1.32001284227799,"Pr1207","1967","99"
"818",1.29252040501555,"Pr1207","1968","100"
"819",1.13793515678067,"Pr1207","1969","101"
"820",1.26346810216014,"Pr1207","1970","102"
"821",1.1869395341752,"Pr1207","1971","103"
"822",0.973169888045375,"Pr1207","1972","104"
"823",0.893078515059236,"Pr1207","1973","105"
"824",0.829073959293103,"Pr1207","1974","106"
"825",1.12166403766579,"Pr1207","1975","107"
"826",1.26930578989096,"Pr1207","1976","108"
"827",1.27518146718819,"Pr1207","1977","109"
"828",1.05210278048856,"Pr1207","1978","110"
"829",0.92720222166776,"Pr1207","1979","111"
"830",0.908668140608539,"Pr1207","1980","112"
"831",1.10435022504171,"Pr1207","1981","113"
"832",0.841205169187852,"Pr1207","1982","114"
"833",0.458352282136295,"Pr1207","1983","115"
"834",1.42702001957488,"Pr1207","1984","116"
"835",0.63979569741209,"Pr1207","1985","117"
"836",0.673070920193447,"Pr1207","1986","118"
"837",1.19559434029489,"Pr1207","1987","119"
"838",1.02482406590589,"Pr1207","1988","120"
"839",0.908185961180548,"Pr1207","1989","121"
"840",0.608324797966388,"Pr1207","1990","122"
"841",0.740340259051376,"Pr1207","1991","123"
"842",0.721261269013815,"Pr1207","1992","124"
"843",0.610092542131769,"Pr1207","1993","125"
"844",1.09155307927896,"Pr1207","1994","126"
"845",1.62120778000643,"Pr1207","1995","127"
"846",1.03786501383126,"Pr1207","1996","128"
"847",1.52482247339802,"Pr1207","1997","129"
"848",2.10314521151536,"Pr1207","1998","130"
"849",0.916292561591978,"Pr1207","1999","131"
"850",1.09559868126542,"Pr1207","2000","132"
"851",1.0622312377158,"Pr1207","2001","133"
"852",1.63462094166613,"Pr1207","2002","134"
"853",1.35130925051487,"Pr1207","2003","135"
"854",1.60327499555885,"Pr1207","2004","136"
"855",2.21894998699836,"Pr1207","2005","137"
"856",2.75480661641572,"Pr1207","2006","138"
"857",1.37658827806165,"Pr1207","2007","139"
"858",1.32452496371825,"Pr1207","2008","140"
"859",1.31427917179971,"Pr1207","2009","141"
"860",1.01774396637966,"Pr1207","2010","142"
"861",1,"Pr1207","2011","143"
"862",1.02405285907858,"Pr1208","1874","1"
"863",1.12800397945045,"Pr1208","1875","2"
"864",1.08556515709724,"Pr1208","1876","3"
"865",1.02163767019737,"Pr1208","1877","4"
"866",1.05989716778577,"Pr1208","1878","5"
"867",1.06526861057114,"Pr1208","1879","6"
"868",1.04612661667081,"Pr1208","1880","7"
"869",1.2322437765849,"Pr1208","1881","8"
"870",1.0882223839837,"Pr1208","1882","9"
"871",1.12239367826008,"Pr1208","1883","10"
"872",1.20868813080384,"Pr1208","1884","11"
"873",1.26120740868371,"Pr1208","1885","12"
"874",1.26180208447174,"Pr1208","1886","13"
"875",1.0793244065609,"Pr1208","1887","14"
"876",1.01466637538651,"Pr1208","1888","15"
"877",1.47132021935413,"Pr1208","1889","16"
"878",1.13349652069714,"Pr1208","1890","17"
"879",1.42537727812291,"Pr1208","1891","18"
"880",1.3631941001765,"Pr1208","1892","19"
"881",1.25723504369712,"Pr1208","1893","20"
"882",1.31693896093815,"Pr1208","1894","21"
"883",1.12186545253652,"Pr1208","1895","22"
"884",1.3570881077984,"Pr1208","1896","23"
"885",0.94368524104814,"Pr1208","1897","24"
"886",1.27941148971334,"Pr1208","1898","25"
"887",1.4987129225084,"Pr1208","1899","26"
"888",1.49484895782518,"Pr1208","1900","27"
"889",1.03670853852754,"Pr1208","1901","28"
"890",0.877607363809223,"Pr1208","1902","29"
"891",1.03442206850966,"Pr1208","1903","30"
"892",0.968683468918723,"Pr1208","1904","31"
"893",0.981431758150692,"Pr1208","1905","32"
"894",1.03503679146016,"Pr1208","1906","33"
"895",0.767927237953584,"Pr1208","1907","34"
"896",1.28544735018814,"Pr1208","1908","35"
"897",1.48157070573682,"Pr1208","1909","36"
"898",0.859131499064422,"Pr1208","1910","37"
"899",0.879382916624951,"Pr1208","1911","38"
"900",0.939420936211632,"Pr1208","1912","39"
"901",1.23459753809285,"Pr1208","1913","40"
"902",1.133399322262,"Pr1208","1914","41"
"903",0.863698721176077,"Pr1208","1915","42"
"904",0.963936973054086,"Pr1208","1916","43"
"905",1.28999027924717,"Pr1208","1917","44"
"906",1.12970272885888,"Pr1208","1918","45"
"907",1.13566273537291,"Pr1208","1919","46"
"908",0.902022853768446,"Pr1208","1920","47"
"909",0.929071490373472,"Pr1208","1921","48"
"910",0.731625145292293,"Pr1208","1922","49"
"911",0.700649519683354,"Pr1208","1923","50"
"912",0.851580621647526,"Pr1208","1924","51"
"913",0.874653480499384,"Pr1208","1925","52"
"914",0.915937679613913,"Pr1208","1926","53"
"915",1.04394880818385,"Pr1208","1927","54"
"916",0.816221169114228,"Pr1208","1928","55"
"917",0.771527124541532,"Pr1208","1929","56"
"918",0.677067150754611,"Pr1208","1930","57"
"919",0.615072877456161,"Pr1208","1931","58"
"920",0.637964680368191,"Pr1208","1932","59"
"921",0.703836751483574,"Pr1208","1933","60"
"922",0.85835057999345,"Pr1208","1934","61"
"923",0.903578426462084,"Pr1208","1935","62"
"924",1.11872709552327,"Pr1208","1936","63"
"925",1.00288940197927,"Pr1208","1937","64"
"926",1.06864058191229,"Pr1208","1938","65"
"927",1.08084823655106,"Pr1208","1939","66"
"928",0.939734381960226,"Pr1208","1940","67"
"929",0.960277393879389,"Pr1208","1941","68"
"930",0.723333330651921,"Pr1208","1942","69"
"931",0.65626225048507,"Pr1208","1943","70"
"932",0.940066895585911,"Pr1208","1944","71"
"933",1.07973404711919,"Pr1208","1945","72"
"934",0.862759634001857,"Pr1208","1946","73"
"935",0.589337751040024,"Pr1208","1947","74"
"936",0.603713742807806,"Pr1208","1948","75"
"937",0.829635990656276,"Pr1208","1949","76"
"938",0.866881057167477,"Pr1208","1950","77"
"939",0.496565723633341,"Pr1208","1951","78"
"940",0.514651551637832,"Pr1208","1952","79"
"941",0.749430762209536,"Pr1208","1953","80"
"942",0.519021161178714,"Pr1208","1954","81"
"943",0.535290093556122,"Pr1208","1955","82"
"944",0.64876007280321,"Pr1208","1956","83"
"945",0.737310110597134,"Pr1208","1957","84"
"946",0.634453681300913,"Pr1208","1958","85"
"947",0.397718723478449,"Pr1208","1959","86"
"948",0.470789548089451,"Pr1208","1960","87"
"949",0.447156272530993,"Pr1208","1961","88"
"950",0.717708400091734,"Pr1208","1962","89"
"951",0.617377386265379,"Pr1208","1963","90"
"952",0.634349511067047,"Pr1208","1964","91"
"953",0.723152342166536,"Pr1208","1965","92"
"954",0.563852806602281,"Pr1208","1966","93"
"955",0.55367997440848,"Pr1208","1967","94"
"956",0.575192632031333,"Pr1208","1968","95"
"957",0.753185165743088,"Pr1208","1969","96"
"958",0.798405115033603,"Pr1208","1970","97"
"959",0.754152163446491,"Pr1208","1971","98"
"960",0.752226950032681,"Pr1208","1972","99"
"961",0.702331703960285,"Pr1208","1973","100"
"962",0.483064678156546,"Pr1208","1974","101"
"963",0.657677685493405,"Pr1208","1975","102"
"964",0.617525389937629,"Pr1208","1976","103"
"965",0.626666055074049,"Pr1208","1977","104"
"966",0.735762728068133,"Pr1208","1978","105"
"967",0.583183653184698,"Pr1208","1979","106"
"968",0.783661802064964,"Pr1208","1980","107"
"969",0.789199027240119,"Pr1208","1981","108"
"970",0.919601319903844,"Pr1208","1982","109"
"971",0.843232450199186,"Pr1208","1983","110"
"972",0.525458157386347,"Pr1208","1984","111"
"973",0.75430578933814,"Pr1208","1985","112"
"974",0.593211776666571,"Pr1208","1986","113"
"975",0.462508203926348,"Pr1208","1987","114"
"976",0.592951772703174,"Pr1208","1988","115"
"977",0.694899924707045,"Pr1208","1989","116"
"978",1.00753844729566,"Pr1208","1990","117"
"979",0.87185616469052,"Pr1208","1991","118"
"980",0.745505070248641,"Pr1208","1992","119"
"981",0.60402840644949,"Pr1208","1993","120"
"982",0.782808486051987,"Pr1208","1994","121"
"983",0.476988664848688,"Pr1208","1995","122"
"984",0.665489388875493,"Pr1208","1996","123"
"985",0.777445586453384,"Pr1208","1997","124"
"986",2.2122090411923,"Pr1208","1998","125"
"987",0.410342014552709,"Pr1208","1999","126"
"988",0.55279596758666,"Pr1208","2000","127"
"989",0.846982874599481,"Pr1208","2001","128"
"990",0.418913177743735,"Pr1208","2002","129"
"991",0.824337348181837,"Pr1208","2003","130"
"992",0.547553226258283,"Pr1208","2004","131"
"993",0.930581763330715,"Pr1208","2005","132"
"994",0.526472567722326,"Pr1208","2006","133"
"995",0.629274634052036,"Pr1208","2007","134"
"996",0.703304262973506,"Pr1208","2008","135"
"997",0.869909953020025,"Pr1208","2009","136"
"998",0.561397806390147,"Pr1208","2010","137"
"999",0.321587364610447,"Pr1208","2011","138"
"1000",0.601127681296528,"Pr1209","1875","1"
"1001",0.901406318548371,"Pr1209","1876","2"
"1002",1.10679689212702,"Pr1209","1877","3"
"1003",1.0189443225555,"Pr1209","1878","4"
"1004",0.967973954044664,"Pr1209","1879","5"
"1005",1.01323391389583,"Pr1209","1880","6"
"1006",1.36778538809574,"Pr1209","1881","7"
"1007",1.03207348320591,"Pr1209","1882","8"
"1008",0.965549264112429,"Pr1209","1883","9"
"1009",0.84925218352777,"Pr1209","1884","10"
"1010",0.998861816920124,"Pr1209","1885","11"
"1011",1.13924284318839,"Pr1209","1886","12"
"1012",1.03495611958922,"Pr1209","1887","13"
"1013",0.906452945108521,"Pr1209","1888","14"
"1014",0.755789871084992,"Pr1209","1889","15"
"1015",0.670629789034114,"Pr1209","1890","16"
"1016",1.13003187527601,"Pr1209","1891","17"
"1017",0.997006798096168,"Pr1209","1892","18"
"1018",0.91012928207952,"Pr1209","1893","19"
"1019",0.840925080577606,"Pr1209","1894","20"
"1020",0.896001679918419,"Pr1209","1895","21"
"1021",0.943538522547771,"Pr1209","1896","22"
"1022",0.939826227430227,"Pr1209","1897","23"
"1023",0.846430955171007,"Pr1209","1898","24"
"1024",1.03045549738118,"Pr1209","1899","25"
"1025",0.748136832910801,"Pr1209","1900","26"
"1026",0.92744730271638,"Pr1209","1901","27"
"1027",0.922871902214373,"Pr1209","1902","28"
"1028",0.877696887527787,"Pr1209","1903","29"
"1029",0.858309706240579,"Pr1209","1904","30"
"1030",0.853394189526062,"Pr1209","1905","31"
"1031",0.723023153856307,"Pr1209","1906","32"
"1032",1.01792146300446,"Pr1209","1907","33"
"1033",0.903318091411624,"Pr1209","1908","34"
"1034",0.760537702541227,"Pr1209","1909","35"
"1035",1.13190871736778,"Pr1209","1910","36"
"1036",0.888923744621726,"Pr1209","1911","37"
"1037",0.966090907236898,"Pr1209","1912","38"
"1038",1.22316310471819,"Pr1209","1913","39"
"1039",1.20368782372688,"Pr1209","1914","40"
"1040",0.898060667253405,"Pr1209","1915","41"
"1041",0.893013601989567,"Pr1209","1916","42"
"1042",0.825699773053041,"Pr1209","1917","43"
"1043",0.711174023386852,"Pr1209","1918","44"
"1044",0.809051232945285,"Pr1209","1919","45"
"1045",0.752319684061066,"Pr1209","1920","46"
"1046",0.734760025874212,"Pr1209","1921","47"
"1047",0.835326176502259,"Pr1209","1922","48"
"1048",0.994025759731158,"Pr1209","1923","49"
"1049",0.993943431226855,"Pr1209","1924","50"
"1050",0.743604476073856,"Pr1209","1925","51"
"1051",0.428442100288716,"Pr1209","1926","52"
"1052",0.659351308116428,"Pr1209","1927","53"
"1053",0.630657576584176,"Pr1209","1928","54"
"1054",0.732374505895258,"Pr1209","1929","55"
"1055",0.668341711623527,"Pr1209","1930","56"
"1056",0.579663383399214,"Pr1209","1931","57"
"1057",0.850626643524991,"Pr1209","1932","58"
"1058",0.55504541347956,"Pr1209","1933","59"
"1059",0.565747100111487,"Pr1209","1934","60"
"1060",0.655403395337698,"Pr1209","1935","61"
"1061",0.777952261570988,"Pr1209","1936","62"
"1062",0.679323887814489,"Pr1209","1937","63"
"1063",0.686991449734294,"Pr1209","1938","64"
"1064",0.673672220771159,"Pr1209","1939","65"
"1065",0.512159173446523,"Pr1209","1940","66"
"1066",0.761059241359881,"Pr1209","1941","67"
"1067",0.664090311887109,"Pr1209","1942","68"
"1068",0.682425064862279,"Pr1209","1943","69"
"1069",0.725632310610004,"Pr1209","1944","70"
"1070",0.577154507637079,"Pr1209","1945","71"
"1071",0.505987940752912,"Pr1209","1946","72"
"1072",0.700914505009239,"Pr1209","1947","73"
"1073",1.106597952823,"Pr1209","1948","74"
"1074",0.894938428034118,"Pr1209","1949","75"
"1075",1.09267338342616,"Pr1209","1950","76"
"1076",0.695192966899681,"Pr1209","1951","77"
"1077",0.702453970456104,"Pr1209","1952","78"
"1078",0.779759758463795,"Pr1209","1953","79"
"1079",0.725620982936542,"Pr1209","1954","80"
"1080",0.877729730455446,"Pr1209","1955","81"
"1081",1.19859014008044,"Pr1209","1956","82"
"1082",0.735072391016468,"Pr1209","1957","83"
"1083",0.692880078604342,"Pr1209","1958","84"
"1084",0.522391562103647,"Pr1209","1959","85"
"1085",0.57136098559549,"Pr1209","1960","86"
"1086",0.622014171615238,"Pr1209","1961","87"
"1087",0.672849656539414,"Pr1209","1962","88"
"1088",0.636564097214271,"Pr1209","1963","89"
"1089",0.744515529858789,"Pr1209","1964","90"
"1090",0.86770149196443,"Pr1209","1965","91"
"1091",0.564657695242807,"Pr1209","1966","92"
"1092",0.716289017177555,"Pr1209","1967","93"
"1093",0.893216219298894,"Pr1209","1968","94"
"1094",0.834291393156342,"Pr1209","1969","95"
"1095",0.858426633195583,"Pr1209","1970","96"
"1096",0.699230831159374,"Pr1209","1971","97"
"1097",0.841446935976573,"Pr1209","1972","98"
"1098",0.953406972024412,"Pr1209","1973","99"
"1099",0.993045624005998,"Pr1209","1974","100"
"1100",0.974020515466549,"Pr1209","1975","101"
"1101",0.942218814649098,"Pr1209","1976","102"
"1102",1.00261874041558,"Pr1209","1977","103"
"1103",0.984747257722222,"Pr1209","1978","104"
"1104",0.915993937734328,"Pr1209","1979","105"
"1105",1.05291911166969,"Pr1209","1980","106"
"1106",1.02361787259627,"Pr1209","1981","107"
"1107",0.929260963805432,"Pr1209","1982","108"
"1108",1.46353526809781,"Pr1209","1983","109"
"1109",1.02516474231348,"Pr1209","1984","110"
"1110",1.21999686750859,"Pr1209","1985","111"
"1111",1.16565225782902,"Pr1209","1986","112"
"1112",1.01038345131702,"Pr1209","1987","113"
"1113",1.24840250041177,"Pr1209","1988","114"
"1114",1.28819112140804,"Pr1209","1989","115"
"1115",1.16709520415325,"Pr1209","1990","116"
"1116",1.30291156558347,"Pr1209","1991","117"
"1117",1.59135238405031,"Pr1209","1992","118"
"1118",1.79018596881389,"Pr1209","1993","119"
"1119",1.33324915202258,"Pr1209","1994","120"
"1120",0.971750363532462,"Pr1209","1995","121"
"1121",1.45136028790306,"Pr1209","1996","122"
"1122",1.36430825927333,"Pr1209","1997","123"
"1123",2.84700519421404,"Pr1209","1998","124"
"1124",1.26229627230454,"Pr1209","1999","125"
"1125",0.937658229310276,"Pr1209","2000","126"
"1126",0.878479083282819,"Pr1209","2001","127"
"1127",0.425122690166575,"Pr1209","2002","128"
"1128",1.93792412522134,"Pr1209","2003","129"
"1129",0.724371546779294,"Pr1209","2004","130"
"1130",0.823829656732148,"Pr1209","2005","131"
"1131",0.847518916317526,"Pr1209","2006","132"
"1132",1.07807764630408,"Pr1209","2007","133"
"1133",0.830179682068905,"Pr1209","2008","134"
"1134",1.25993341658881,"Pr1209","2009","135"
"1135",0.867768167973438,"Pr1209","2010","136"
"1136",0.696848080361795,"Pr1209","2011","137"
"1137",1.10856207560448,"Pr1210","1874","1"
"1138",1.4594278290828,"Pr1210","1875","2"
"1139",1.25333431773954,"Pr1210","1876","3"
"1140",1.03602693315789,"Pr1210","1877","4"
"1141",1.09422582099341,"Pr1210","1878","5"
"1142",1.11068703970402,"Pr1210","1879","6"
"1143",1.1971139634068,"Pr1210","1880","7"
"1144",1.19782355936186,"Pr1210","1881","8"
"1145",1.01345901409169,"Pr1210","1882","9"
"1146",1.21073021775278,"Pr1210","1883","10"
"1147",1.17157928468267,"Pr1210","1884","11"
"1148",1.01694194217975,"Pr1210","1885","12"
"1149",0.939639850138529,"Pr1210","1886","13"
"1150",0.962006536282545,"Pr1210","1887","14"
"1151",1.06113964448819,"Pr1210","1888","15"
"1152",0.817400121863408,"Pr1210","1889","16"
"1153",0.915516420563076,"Pr1210","1890","17"
"1154",0.967591874930149,"Pr1210","1891","18"
"1155",1.02807555054978,"Pr1210","1892","19"
"1156",1.04027855385558,"Pr1210","1893","20"
"1157",0.805888020872596,"Pr1210","1894","21"
"1158",0.865120125090351,"Pr1210","1895","22"
"1159",0.687433277312725,"Pr1210","1896","23"
"1160",0.819923242222155,"Pr1210","1897","24"
"1161",0.925194259090228,"Pr1210","1898","25"
"1162",0.863456004737352,"Pr1210","1899","26"
"1163",0.573154522689449,"Pr1210","1900","27"
"1164",0.83200812646159,"Pr1210","1901","28"
"1165",0.814921123537135,"Pr1210","1902","29"
"1166",0.709749448466482,"Pr1210","1903","30"
"1167",0.554589772281711,"Pr1210","1904","31"
"1168",0.590334892120717,"Pr1210","1905","32"
"1169",0.511953681797501,"Pr1210","1906","33"
"1170",0.805085007531983,"Pr1210","1907","34"
"1171",0.704922740425754,"Pr1210","1908","35"
"1172",0.500030113186176,"Pr1210","1909","36"
"1173",0.738127062576475,"Pr1210","1910","37"
"1174",0.747475479131208,"Pr1210","1911","38"
"1175",0.607010451090593,"Pr1210","1912","39"
"1176",0.667690505295113,"Pr1210","1913","40"
"1177",0.609202135715827,"Pr1210","1914","41"
"1178",0.953046864746016,"Pr1210","1915","42"
"1179",0.939838548727734,"Pr1210","1916","43"
"1180",0.888659970148052,"Pr1210","1917","44"
"1181",1.00418020343012,"Pr1210","1918","45"
"1182",0.669229826201895,"Pr1210","1919","46"
"1183",0.784367698929084,"Pr1210","1920","47"
"1184",0.843311045108229,"Pr1210","1921","48"
"1185",0.782668760080127,"Pr1210","1922","49"
"1186",0.700649519683354,"Pr1210","1923","50"
"1187",0.675391527513555,"Pr1210","1924","51"
"1188",0.874653480499384,"Pr1210","1925","52"
"1189",0.659475129322017,"Pr1210","1926","53"
"1190",0.878242648154667,"Pr1210","1927","54"
"1191",1.02783406481051,"Pr1210","1928","55"
"1192",0.801783090209827,"Pr1210","1929","56"
"1193",0.912568768408389,"Pr1210","1930","57"
"1194",0.972673387605091,"Pr1210","1931","58"
"1195",0.65432274909558,"Pr1210","1932","59"
"1196",0.703836751483574,"Pr1210","1933","60"
"1197",1.17773684231659,"Pr1210","1934","61"
"1198",0.960052078115964,"Pr1210","1935","62"
"1199",0.894981676418615,"Pr1210","1936","63"
"1200",0.948186343689493,"Pr1210","1937","64"
"1201",0.923740164025881,"Pr1210","1938","65"
"1202",0.974882723163701,"Pr1210","1939","66"
"1203",0.939734381960226,"Pr1210","1940","67"
"1204",0.688894652130866,"Pr1210","1941","68"
"1205",0.723333330651921,"Pr1210","1942","69"
"1206",1.11564582582462,"Pr1210","1943","70"
"1207",1.1586871038617,"Pr1210","1944","71"
"1208",1.13372074947515,"Pr1210","1945","72"
"1209",0.862759634001857,"Pr1210","1946","73"
"1210",0.982229585066706,"Pr1210","1947","74"
"1211",0.93911026658992,"Pr1210","1948","75"
"1212",0.768181472829885,"Pr1210","1949","76"
"1213",0.656728073611725,"Pr1210","1950","77"
"1214",0.922193486747634,"Pr1210","1951","78"
"1215",0.999029482591086,"Pr1210","1952","79"
"1216",0.974259990872397,"Pr1210","1953","80"
"1217",0.963896442189039,"Pr1210","1954","81"
"1218",0.838621146571257,"Pr1210","1955","82"
"1219",1.21642513650602,"Pr1210","1956","83"
"1220",1.2780041917017,"Pr1210","1957","84"
"1221",1.10441937115344,"Pr1210","1958","85"
"1222",0.887218690836539,"Pr1210","1959","86"
"1223",1.14754952346804,"Pr1210","1960","87"
"1224",1.0258290958064,"Pr1210","1961","88"
"1225",1.11643528903159,"Pr1210","1962","89"
"1226",1.18330665700864,"Pr1210","1963","90"
"1227",1.1277324641192,"Pr1210","1964","91"
"1228",1.10280732180397,"Pr1210","1965","92"
"1229",1.08593873864143,"Pr1210","1966","93"
"1230",1.16272794625781,"Pr1210","1967","94"
"1231",1.15038526406267,"Pr1210","1968","95"
"1232",1.21566728505902,"Pr1210","1969","96"
"1233",1.11082450787284,"Pr1210","1970","97"
"1234",1.30719708330725,"Pr1210","1971","98"
"1235",1.27703645005548,"Pr1210","1972","99"
"1236",1.33443023752454,"Pr1210","1973","100"
"1237",1.03513859604974,"Pr1210","1974","101"
"1238",0.996481341656675,"Pr1210","1975","102"
"1239",1.1893081583984,"Pr1210","1976","103"
"1240",1.17499885326384,"Pr1210","1977","104"
"1241",1.15269494064008,"Pr1210","1978","105"
"1242",0.758138749140108,"Pr1210","1979","106"
"1243",0.754637290877373,"Pr1210","1980","107"
"1244",0.986498784050148,"Pr1210","1981","108"
"1245",0.705027678592947,"Pr1210","1982","109"
"1246",0.968155776154621,"Pr1210","1983","110"
"1247",1.36000934852937,"Pr1210","1984","111"
"1248",1.56448608159022,"Pr1210","1985","112"
"1249",1.15152874294099,"Pr1210","1986","113"
"1250",1.26138601070822,"Pr1210","1987","114"
"1251",1.03766560223056,"Pr1210","1988","115"
"1252",0.748353765069126,"Pr1210","1989","116"
"1253",0.901481768632957,"Pr1210","1990","117"
"1254",1.10129199750382,"Pr1210","1991","118"
"1255",1.07166353848242,"Pr1210","1992","119"
"1256",1.10146356470201,"Pr1210","1993","120"
"1257",0.782808486051987,"Pr1210","1994","121"
"1258",0.749553616190795,"Pr1210","1995","122"
"1259",0.915047909703803,"Pr1210","1996","123"
"1260",0.299017533251302,"Pr1210","1997","124"
"1261",0.353953446590767,"Pr1210","1998","125"
"1262",1.34826661924461,"Pr1210","1999","126"
"1263",0.55279596758666,"Pr1210","2000","127"
"1264",0.781830345784136,"Pr1210","2001","128"
"1265",0.977464081402049,"Pr1210","2002","129"
"1266",0.206084337045459,"Pr1210","2003","130"
"1267",1.09510645251657,"Pr1210","2004","131"
"1268",0.465290881665357,"Pr1210","2005","132"
"1269",0.526472567722326,"Pr1210","2006","133"
"1270",0.734153739727375,"Pr1210","2007","134"
"1271",0.904248338108794,"Pr1210","2008","135"
"1272",1.21787393422804,"Pr1210","2009","136"
"1273",1.02922931171527,"Pr1210","2010","137"
"1274",0.750370517424376,"Pr1210","2011","138"
